{
  "crop": [
    0,
    0,
    0,
    0
  ],
  "done": {
    "variables": {
      "death2": {
        "op": "equal",
        "reference": 1
      }
    }
  },
  "reward": {
    "variables": {
      "hundreds": {
        "reward": 0.009999999776482582
      },
      "tens": {
        "reward": 0.0010000000474974513
      },
      "tenthousands": {
        "reward": 1.0
      },
      "thousands": {
        "reward": 0.10000000149011612
      }
    }
  }
}
